timestep,reward
192,0.80175
19392,0.75675
38592,0.8145
